{"accuracy": 0.9454545454545454, "recall": 0.9454545454545454, "precision": 0.9456319396829523, "model name": "knn", "_timestamp": 1699187208.301892, "_runtime": 8.396651029586792, "_step": 0, "_wandb": {"runtime": 7}}